Date,NASDAQ,Inflation_Rate
8/2/2013,3193.870117,232.937
9/2/2013,,232.937
10/2/2013,,232.937
11/2/2013,3192.0,232.937
12/2/2013,3186.48999,232.937
13/2/2013,3196.879883,232.937
14/2/2013,3198.659912,232.937
15/2/2013,3192.030029,232.937
16/2/2013,,232.937
17/2/2013,,232.937
18/2/2013,,232.937
19/2/2013,3213.590088,232.937
20/2/2013,3164.409912,232.937
21/2/2013,3131.48999,232.937
22/2/2013,3161.820068,232.937
23/2/2013,,232.937
24/2/2013,,232.937
25/2/2013,3116.25,232.937
26/2/2013,3129.649902,232.937
27/2/2013,3162.26001,232.937
28/2/2013,3160.189941,232.937
1/3/2013,3169.73999,232.282
2/3/2013,,232.282
3/3/2013,,232.282
4/3/2013,3182.030029,232.282
5/3/2013,3224.129883,232.282
6/3/2013,3222.370117,232.282
7/3/2013,3232.090088,232.282
8/3/2013,3244.370117,232.282
9/3/2013,,232.282
10/3/2013,,232.282
11/3/2013,3252.870117,232.282
12/3/2013,3242.320068,232.282
13/3/2013,3245.120117,232.282
14/3/2013,3258.929932,232.282
15/3/2013,3249.070068,232.282
16/3/2013,,232.282
17/3/2013,,232.282
18/3/2013,3237.590088,232.282
19/3/2013,3229.100098,232.282
20/3/2013,3254.189941,232.282
21/3/2013,3222.600098,232.282
22/3/2013,3245.0,232.282
23/3/2013,,232.282
24/3/2013,,232.282
25/3/2013,3235.300049,232.282
26/3/2013,3252.47998,232.282
27/3/2013,3256.52002,232.282
28/3/2013,3267.52002,232.282
29/3/2013,,232.282
30/3/2013,,232.282
31/3/2013,,232.282
1/4/2013,3239.169922,231.797
2/4/2013,3254.860107,231.797
3/4/2013,3218.600098,231.797
4/4/2013,3224.97998,231.797
5/4/2013,3203.860107,231.797
6/4/2013,,231.797
7/4/2013,,231.797
8/4/2013,3222.25,231.797
9/4/2013,3237.860107,231.797
10/4/2013,3297.25,231.797
11/4/2013,3300.159912,231.797
12/4/2013,3294.949951,231.797
13/4/2013,,231.797
14/4/2013,,231.797
15/4/2013,3216.48999,231.797
16/4/2013,3264.629883,231.797
17/4/2013,3204.669922,231.797
18/4/2013,3166.360107,231.797
19/4/2013,3206.060059,231.797
20/4/2013,,231.797
21/4/2013,,231.797
22/4/2013,3233.550049,231.797
23/4/2013,3269.330078,231.797
24/4/2013,3269.649902,231.797
25/4/2013,3289.98999,231.797
26/4/2013,3279.26001,231.797
27/4/2013,,231.797
28/4/2013,,231.797
29/4/2013,3307.02002,231.797
30/4/2013,3328.790039,231.797
1/5/2013,3299.129883,231.893
2/5/2013,3340.620117,231.893
3/5/2013,3378.629883,231.893
4/5/2013,,231.893
5/5/2013,,231.893
6/5/2013,3392.969971,231.893
7/5/2013,3396.629883,231.893
8/5/2013,3413.27002,231.893
9/5/2013,3409.169922,231.893
10/5/2013,3436.580078,231.893
11/5/2013,,231.893
12/5/2013,,231.893
13/5/2013,3438.790039,231.893
14/5/2013,3462.610107,231.893
15/5/2013,3471.620117,231.893
16/5/2013,3465.23999,231.893
17/5/2013,3498.969971,231.893
18/5/2013,,231.893
19/5/2013,,231.893
20/5/2013,3496.429932,231.893
21/5/2013,3502.120117,231.893
22/5/2013,3463.300049,231.893
23/5/2013,3459.419922,231.893
24/5/2013,3459.139893,231.893
25/5/2013,,231.893
26/5/2013,,231.893
27/5/2013,,231.893
28/5/2013,3488.889893,231.893
29/5/2013,3467.52002,231.893
30/5/2013,3491.300049,231.893
31/5/2013,3455.909912,231.893
1/6/2013,,232.445
2/6/2013,,232.445
3/6/2013,3465.370117,232.445
4/6/2013,3445.26001,232.445
5/6/2013,3401.47998,232.445
6/6/2013,3424.050049,232.445
7/6/2013,3469.219971,232.445
8/6/2013,,232.445
9/6/2013,,232.445
10/6/2013,3473.77002,232.445
11/6/2013,3436.949951,232.445
12/6/2013,3400.429932,232.445
13/6/2013,3445.360107,232.445
14/6/2013,3423.560059,232.445
15/6/2013,,232.445
16/6/2013,,232.445
17/6/2013,3452.129883,232.445
18/6/2013,3482.179932,232.445
19/6/2013,3443.199951,232.445
20/6/2013,3364.639893,232.445
21/6/2013,3357.25,232.445
22/6/2013,,232.445
23/6/2013,,232.445
24/6/2013,3320.76001,232.445
25/6/2013,3347.889893,232.445
26/6/2013,3376.219971,232.445
27/6/2013,3401.860107,232.445
28/6/2013,3403.25,232.445
29/6/2013,,232.445
30/6/2013,,232.445
1/7/2013,3434.48999,232.9
2/7/2013,3433.399902,232.9
3/7/2013,3443.669922,232.9
4/7/2013,,232.9
5/7/2013,3479.379883,232.9
6/7/2013,,232.9
7/7/2013,,232.9
8/7/2013,3484.830078,232.9
9/7/2013,3504.26001,232.9
10/7/2013,3520.76001,232.9
11/7/2013,3578.300049,232.9
12/7/2013,3600.080078,232.9
13/7/2013,,232.9
14/7/2013,,232.9
15/7/2013,3607.48999,232.9
16/7/2013,3598.5,232.9
17/7/2013,3610.0,232.9
18/7/2013,3611.280029,232.9
19/7/2013,3587.610107,232.9
20/7/2013,,232.9
21/7/2013,,232.9
22/7/2013,3600.389893,232.9
23/7/2013,3579.27002,232.9
24/7/2013,3579.600098,232.9
25/7/2013,3605.189941,232.9
26/7/2013,3613.159912,232.9
27/7/2013,,232.9
28/7/2013,,232.9
29/7/2013,3599.139893,232.9
30/7/2013,3616.469971,232.9
31/7/2013,3626.370117,232.9
1/8/2013,3675.73999,233.456
2/8/2013,3689.590088,233.456
3/8/2013,,233.456
4/8/2013,,233.456
5/8/2013,3692.949951,233.456
6/8/2013,3665.77002,233.456
7/8/2013,3654.01001,233.456
8/8/2013,3669.120117,233.456
9/8/2013,3660.110107,233.456
10/8/2013,,233.456
11/8/2013,,233.456
12/8/2013,3669.949951,233.456
13/8/2013,3684.439941,233.456
14/8/2013,3669.27002,233.456
15/8/2013,3606.120117,233.456
16/8/2013,3602.780029,233.456
17/8/2013,,233.456
18/8/2013,,233.456
19/8/2013,3589.090088,233.456
20/8/2013,3613.590088,233.456
21/8/2013,3599.790039,233.456
22/8/2013,3638.709961,233.456
23/8/2013,3657.790039,233.456
24/8/2013,,233.456
25/8/2013,,233.456
26/8/2013,3657.570068,233.456
27/8/2013,3578.52002,233.456
28/8/2013,3593.350098,233.456
29/8/2013,3620.300049,233.456
30/8/2013,3589.870117,233.456
31/8/2013,,233.456
1/9/2013,,233.544
2/9/2013,,233.544
3/9/2013,3612.610107,233.544
4/9/2013,3649.040039,233.544
5/9/2013,3658.780029,233.544
6/9/2013,3660.01001,233.544
7/9/2013,,233.544
8/9/2013,,233.544
9/9/2013,3706.179932,233.544
10/9/2013,3729.02002,233.544
11/9/2013,3725.01001,233.544
12/9/2013,3715.969971,233.544
13/9/2013,3722.179932,233.544
14/9/2013,,233.544
15/9/2013,,233.544
16/9/2013,3717.850098,233.544
17/9/2013,3745.699951,233.544
18/9/2013,3783.639893,233.544
19/9/2013,3789.379883,233.544
20/9/2013,3774.72998,233.544
21/9/2013,,233.544
22/9/2013,,233.544
23/9/2013,3765.290039,233.544
24/9/2013,3768.25,233.544
25/9/2013,3761.100098,233.544
26/9/2013,3787.429932,233.544
27/9/2013,3781.590088,233.544
28/9/2013,,233.544
29/9/2013,,233.544
30/9/2013,3771.47998,233.544
1/10/2013,3817.97998,233.669
2/10/2013,3815.02002,233.669
3/10/2013,3774.340088,233.669
4/10/2013,3807.75,233.669
5/10/2013,,233.669
6/10/2013,,233.669
7/10/2013,3770.379883,233.669
8/10/2013,3694.830078,233.669
9/10/2013,3677.780029,233.669
10/10/2013,3760.75,233.669
11/10/2013,3791.870117,233.669
12/10/2013,,233.669
13/10/2013,,233.669
14/10/2013,3815.280029,233.669
15/10/2013,3794.01001,233.669
16/10/2013,3839.429932,233.669
17/10/2013,3863.149902,233.669
18/10/2013,3914.280029,233.669
19/10/2013,,233.669
20/10/2013,,233.669
21/10/2013,3920.050049,233.669
22/10/2013,3929.570068,233.669
23/10/2013,3907.070068,233.669
24/10/2013,3928.959961,233.669
25/10/2013,3943.360107,233.669
26/10/2013,,233.669
27/10/2013,,233.669
28/10/2013,3940.129883,233.669
29/10/2013,3952.340088,233.669
30/10/2013,3930.620117,233.669
31/10/2013,3919.709961,233.669
1/11/2013,3922.040039,234.1
2/11/2013,,234.1
3/11/2013,,234.1
4/11/2013,3936.590088,234.1
5/11/2013,3939.860107,234.1
6/11/2013,3931.949951,234.1
7/11/2013,3857.330078,234.1
8/11/2013,3919.22998,234.1
9/11/2013,,234.1
10/11/2013,,234.1
11/11/2013,3919.790039,234.1
12/11/2013,3919.919922,234.1
13/11/2013,3965.580078,234.1
14/11/2013,3972.73999,234.1
15/11/2013,3985.969971,234.1
16/11/2013,,234.1
17/11/2013,,234.1
18/11/2013,3949.070068,234.1
19/11/2013,3931.550049,234.1
20/11/2013,3921.27002,234.1
21/11/2013,3969.159912,234.1
22/11/2013,3991.649902,234.1
23/11/2013,,234.1
24/11/2013,,234.1
25/11/2013,3994.570068,234.1
26/11/2013,4017.75,234.1
27/11/2013,4044.75,234.1
28/11/2013,,234.1
29/11/2013,4059.889893,234.1
30/11/2013,,234.1
1/12/2013,,234.719
2/12/2013,4045.26001,234.719
3/12/2013,4037.199951,234.719
4/12/2013,4038.0,234.719
5/12/2013,4033.169922,234.719
6/12/2013,4062.52002,234.719
7/12/2013,,234.719
8/12/2013,,234.719
9/12/2013,4068.75,234.719
10/12/2013,4060.48999,234.719
11/12/2013,4003.810059,234.719
12/12/2013,3998.399902,234.719
13/12/2013,4000.97998,234.719
14/12/2013,,234.719
15/12/2013,,234.719
16/12/2013,4029.52002,234.719
17/12/2013,4023.679932,234.719
18/12/2013,4070.060059,234.719
19/12/2013,4058.139893,234.719
20/12/2013,4104.740234,234.719
21/12/2013,,234.719
22/12/2013,,234.719
23/12/2013,4148.899902,234.719
24/12/2013,4155.419922,234.719
25/12/2013,,234.719
26/12/2013,4167.180176,234.719
27/12/2013,4156.589844,234.719
28/12/2013,,234.719
29/12/2013,,234.719
30/12/2013,4154.200195,234.719
31/12/2013,4176.589844,234.719
1/1/2014,,235.288
2/1/2014,4143.069824,235.288
3/1/2014,4131.910156,235.288
4/1/2014,,235.288
5/1/2014,,235.288
6/1/2014,4113.680176,235.288
7/1/2014,4153.180176,235.288
8/1/2014,4165.609863,235.288
9/1/2014,4156.189941,235.288
10/1/2014,4174.669922,235.288
11/1/2014,,235.288
12/1/2014,,235.288
13/1/2014,4113.299805,235.288
14/1/2014,4183.02002,235.288
15/1/2014,4214.879883,235.288
16/1/2014,4218.689941,235.288
17/1/2014,4197.580078,235.288
18/1/2014,,235.288
19/1/2014,,235.288
20/1/2014,,235.288
21/1/2014,4225.759766,235.288
22/1/2014,4243.0,235.288
23/1/2014,4218.879883,235.288
24/1/2014,4128.169922,235.288
25/1/2014,,235.288
26/1/2014,,235.288
27/1/2014,4083.610107,235.288
28/1/2014,4097.959961,235.288
29/1/2014,4051.429932,235.288
30/1/2014,4123.129883,235.288
31/1/2014,4103.879883,235.288
1/2/2014,,235.547
2/2/2014,,235.547
3/2/2014,3996.959961,235.547
4/2/2014,4031.52002,235.547
5/2/2014,4011.550049,235.547
6/2/2014,4057.120117,235.547
7/2/2014,4125.859863,235.547
8/2/2014,,235.547
9/2/2014,,235.547
10/2/2014,4148.169922,235.547
11/2/2014,4191.049805,235.547
12/2/2014,4201.290039,235.547
13/2/2014,4240.669922,235.547
14/2/2014,4244.02002,235.547
15/2/2014,,235.547
16/2/2014,,235.547
17/2/2014,,235.547
18/2/2014,4272.779785,235.547
19/2/2014,4237.950195,235.547
20/2/2014,4267.549805,235.547
21/2/2014,4263.410156,235.547
22/2/2014,,235.547
23/2/2014,,235.547
24/2/2014,4292.970215,235.547
25/2/2014,4287.589844,235.547
26/2/2014,4292.060059,235.547
27/2/2014,4318.930176,235.547
28/2/2014,4308.120117,235.547
1/3/2014,,236.028
2/3/2014,,236.028
3/3/2014,4277.299805,236.028
4/3/2014,4351.970215,236.028
5/3/2014,4357.970215,236.028
6/3/2014,4352.129883,236.028
7/3/2014,4336.220215,236.028
8/3/2014,,236.028
9/3/2014,,236.028
10/3/2014,4334.450195,236.028
11/3/2014,4307.189941,236.028
12/3/2014,4323.330078,236.028
13/3/2014,4260.419922,236.028
14/3/2014,4245.399902,236.028
15/3/2014,,236.028
16/3/2014,,236.028
17/3/2014,4279.950195,236.028
18/3/2014,4333.310059,236.028
19/3/2014,4307.600098,236.028
20/3/2014,4319.290039,236.028
21/3/2014,4276.790039,236.028
22/3/2014,,236.028
23/3/2014,,236.028
24/3/2014,4226.390137,236.028
25/3/2014,4234.27002,236.028
26/3/2014,4173.580078,236.028
27/3/2014,4151.22998,236.028
28/3/2014,4155.759766,236.028
29/3/2014,,236.028
30/3/2014,,236.028
31/3/2014,4198.990234,236.028
1/4/2014,4268.040039,236.468
2/4/2014,4276.459961,236.468
3/4/2014,4237.740234,236.468
4/4/2014,4127.72998,236.468
5/4/2014,,236.468
6/4/2014,,236.468
7/4/2014,4079.75,236.468
8/4/2014,4112.990234,236.468
9/4/2014,4183.899902,236.468
10/4/2014,4054.110107,236.468
11/4/2014,3999.72998,236.468
12/4/2014,,236.468
13/4/2014,,236.468
14/4/2014,4022.689941,236.468
15/4/2014,4034.159912,236.468
16/4/2014,4086.22998,236.468
17/4/2014,4095.52002,236.468
18/4/2014,,236.468
19/4/2014,,236.468
20/4/2014,,236.468
21/4/2014,4121.549805,236.468
22/4/2014,4161.459961,236.468
23/4/2014,4126.970215,236.468
24/4/2014,4148.339844,236.468
25/4/2014,4075.560059,236.468
26/4/2014,,236.468
27/4/2014,,236.468
28/4/2014,4074.399902,236.468
29/4/2014,4103.540039,236.468
30/4/2014,4114.560059,236.468
1/5/2014,4127.450195,236.918
2/5/2014,4123.899902,236.918
3/5/2014,,236.918
4/5/2014,,236.918
5/5/2014,4138.060059,236.918
6/5/2014,4080.76001,236.918
7/5/2014,4067.669922,236.918
8/5/2014,4051.5,236.918
9/5/2014,4071.870117,236.918
10/5/2014,,236.918
11/5/2014,,236.918
12/5/2014,4143.859863,236.918
13/5/2014,4130.169922,236.918
14/5/2014,4100.629883,236.918
15/5/2014,4069.290039,236.918
16/5/2014,4090.590088,236.918
17/5/2014,,236.918
18/5/2014,,236.918
19/5/2014,4125.810059,236.918
20/5/2014,4096.890137,236.918
21/5/2014,4131.540039,236.918
22/5/2014,4154.339844,236.918
23/5/2014,4185.810059,236.918
24/5/2014,,236.918
25/5/2014,,236.918
26/5/2014,,236.918
27/5/2014,4237.069824,236.918
28/5/2014,4225.080078,236.918
29/5/2014,4247.950195,236.918
30/5/2014,4242.620117,236.918
31/5/2014,,236.918
1/6/2014,,237.231
2/6/2014,4237.200195,237.231
3/6/2014,4234.080078,237.231
4/6/2014,4251.640137,237.231
5/6/2014,4296.22998,237.231
6/6/2014,4321.399902,237.231
7/6/2014,,237.231
8/6/2014,,237.231
9/6/2014,4336.240234,237.231
10/6/2014,4338.0,237.231
11/6/2014,4331.930176,237.231
12/6/2014,4297.629883,237.231
13/6/2014,4310.649902,237.231
14/6/2014,,237.231
15/6/2014,,237.231
16/6/2014,4321.100098,237.231
17/6/2014,4337.22998,237.231
18/6/2014,4362.839844,237.231
19/6/2014,4359.330078,237.231
20/6/2014,4368.040039,237.231
21/6/2014,,237.231
22/6/2014,,237.231
23/6/2014,4368.680176,237.231
24/6/2014,4350.350098,237.231
25/6/2014,4379.759766,237.231
26/6/2014,4379.049805,237.231
27/6/2014,4397.930176,237.231
28/6/2014,,237.231
29/6/2014,,237.231
30/6/2014,4408.180176,237.231
1/7/2014,4458.649902,237.498
2/7/2014,4457.72998,237.498
3/7/2014,4485.930176,237.498
4/7/2014,,237.498
5/7/2014,,237.498
6/7/2014,,237.498
7/7/2014,4451.529785,237.498
8/7/2014,4391.459961,237.498
9/7/2014,4419.029785,237.498
10/7/2014,4396.200195,237.498
11/7/2014,4415.490234,237.498
12/7/2014,,237.498
13/7/2014,,237.498
14/7/2014,4440.419922,237.498
15/7/2014,4416.390137,237.498
16/7/2014,4425.970215,237.498
17/7/2014,4363.450195,237.498
18/7/2014,4432.149902,237.498
19/7/2014,,237.498
20/7/2014,,237.498
21/7/2014,4424.700195,237.498
22/7/2014,4456.02002,237.498
23/7/2014,4473.700195,237.498
24/7/2014,4472.109863,237.498
25/7/2014,4449.560059,237.498
26/7/2014,,237.498
27/7/2014,,237.498
28/7/2014,4444.910156,237.498
29/7/2014,4442.700195,237.498
30/7/2014,4462.899902,237.498
31/7/2014,4369.77002,237.498
1/8/2014,4352.640137,237.46
2/8/2014,,237.46
3/8/2014,,237.46
4/8/2014,4383.890137,237.46
5/8/2014,4352.839844,237.46
6/8/2014,4355.049805,237.46
7/8/2014,4334.970215,237.46
8/8/2014,4370.899902,237.46
9/8/2014,,237.46
10/8/2014,,237.46
11/8/2014,4401.330078,237.46
12/8/2014,4389.25,237.46
13/8/2014,4434.129883,237.46
14/8/2014,4453.0,237.46
15/8/2014,4464.930176,237.46
16/8/2014,,237.46
17/8/2014,,237.46
18/8/2014,4508.310059,237.46
19/8/2014,4527.509766,237.46
20/8/2014,4526.47998,237.46
21/8/2014,4532.100098,237.46
22/8/2014,4538.549805,237.46
23/8/2014,,237.46
24/8/2014,,237.46
25/8/2014,4557.350098,237.46
26/8/2014,4570.640137,237.46
27/8/2014,4569.620117,237.46
28/8/2014,4557.700195,237.46
29/8/2014,4580.27002,237.46
30/8/2014,,237.46
31/8/2014,,237.46
1/9/2014,,237.477
2/9/2014,4598.189941,237.477
3/9/2014,4572.560059,237.477
4/9/2014,4562.290039,237.477
5/9/2014,4582.899902,237.477
6/9/2014,,237.477
7/9/2014,,237.477
8/9/2014,4592.290039,237.477
9/9/2014,4552.290039,237.477
10/9/2014,4586.52002,237.477
11/9/2014,4591.810059,237.477
12/9/2014,4567.600098,237.477
13/9/2014,,237.477
14/9/2014,,237.477
15/9/2014,4518.899902,237.477
16/9/2014,4552.759766,237.477
17/9/2014,4562.189941,237.477
18/9/2014,4593.430176,237.477
19/9/2014,4579.790039,237.477
20/9/2014,,237.477
21/9/2014,,237.477
22/9/2014,4527.689941,237.477
23/9/2014,4508.689941,237.477
24/9/2014,4555.220215,237.477
25/9/2014,4466.75,237.477
26/9/2014,4512.189941,237.477
27/9/2014,,237.477
28/9/2014,,237.477
29/9/2014,4505.850098,237.477
30/9/2014,4493.390137,237.477
1/10/2014,4422.089844,237.43
2/10/2014,4430.200195,237.43
3/10/2014,4475.620117,237.43
4/10/2014,,237.43
5/10/2014,,237.43
6/10/2014,4454.799805,237.43
7/10/2014,4385.200195,237.43
8/10/2014,4468.589844,237.43
9/10/2014,4378.339844,237.43
10/10/2014,4276.240234,237.43
11/10/2014,,237.43
12/10/2014,,237.43
13/10/2014,4213.660156,237.43
14/10/2014,4227.169922,237.43
15/10/2014,4215.319824,237.43
16/10/2014,4217.390137,237.43
17/10/2014,4258.439941,237.43
18/10/2014,,237.43
19/10/2014,,237.43
20/10/2014,4316.069824,237.43
21/10/2014,4419.47998,237.43
22/10/2014,4382.850098,237.43
23/10/2014,4452.790039,237.43
24/10/2014,4483.720215,237.43
25/10/2014,,237.43
26/10/2014,,237.43
27/10/2014,4485.930176,237.43
28/10/2014,4564.290039,237.43
29/10/2014,4549.22998,237.43
30/10/2014,4566.140137,237.43
31/10/2014,4630.740234,237.43
1/11/2014,,236.983
2/11/2014,,236.983
3/11/2014,4638.910156,236.983
4/11/2014,4623.640137,236.983
5/11/2014,4620.720215,236.983
6/11/2014,4638.470215,236.983
7/11/2014,4632.529785,236.983
8/11/2014,,236.983
9/11/2014,,236.983
10/11/2014,4651.620117,236.983
11/11/2014,4660.560059,236.983
12/11/2014,4675.140137,236.983
13/11/2014,4680.140137,236.983
14/11/2014,4688.540039,236.983
15/11/2014,,236.983
16/11/2014,,236.983
17/11/2014,4671.0,236.983
18/11/2014,4702.439941,236.983
19/11/2014,4675.709961,236.983
20/11/2014,4701.870117,236.983
21/11/2014,4712.970215,236.983
22/11/2014,,236.983
23/11/2014,,236.983
24/11/2014,4754.890137,236.983
25/11/2014,4758.25,236.983
26/11/2014,4787.319824,236.983
27/11/2014,,236.983
28/11/2014,4791.629883,236.983
29/11/2014,,236.983
30/11/2014,,236.983
1/12/2014,4727.350098,236.252
2/12/2014,4755.810059,236.252
3/12/2014,4774.470215,236.252
4/12/2014,4769.439941,236.252
5/12/2014,4780.759766,236.252
6/12/2014,,236.252
7/12/2014,,236.252
8/12/2014,4740.689941,236.252
9/12/2014,4766.470215,236.252
10/12/2014,4684.02002,236.252
11/12/2014,4708.160156,236.252
12/12/2014,4653.600098,236.252
13/12/2014,,236.252
14/12/2014,,236.252
15/12/2014,4605.160156,236.252
16/12/2014,4547.830078,236.252
17/12/2014,4644.310059,236.252
18/12/2014,4748.399902,236.252
19/12/2014,4765.379883,236.252
20/12/2014,,236.252
21/12/2014,,236.252
22/12/2014,4781.419922,236.252
23/12/2014,4765.419922,236.252
24/12/2014,4773.470215,236.252
25/12/2014,,236.252
26/12/2014,4806.859863,236.252
27/12/2014,,236.252
28/12/2014,,236.252
29/12/2014,4806.910156,236.252
30/12/2014,4777.439941,236.252
31/12/2014,4736.049805,236.252
1/1/2015,,234.747
2/1/2015,4726.810059,234.747
3/1/2015,,234.747
4/1/2015,,234.747
5/1/2015,4652.569824,234.747
6/1/2015,4592.740234,234.747
7/1/2015,4650.470215,234.747
8/1/2015,4736.189941,234.747
9/1/2015,4704.069824,234.747
10/1/2015,,234.747
11/1/2015,,234.747
12/1/2015,4664.709961,234.747
13/1/2015,4661.5,234.747
14/1/2015,4639.319824,234.747
15/1/2015,4570.819824,234.747
16/1/2015,4634.379883,234.747
17/1/2015,,234.747
18/1/2015,,234.747
19/1/2015,,234.747
20/1/2015,4654.850098,234.747
21/1/2015,4667.419922,234.747
22/1/2015,4750.399902,234.747
23/1/2015,4757.879883,234.747
24/1/2015,,234.747
25/1/2015,,234.747
26/1/2015,4771.759766,234.747
27/1/2015,4681.5,234.747
28/1/2015,4637.990234,234.747
29/1/2015,4683.410156,234.747
30/1/2015,4635.240234,234.747
31/1/2015,,234.747
1/2/2015,,235.342
2/2/2015,4676.689941,235.342
3/2/2015,4727.740234,235.342
4/2/2015,4716.700195,235.342
5/2/2015,4765.100098,235.342
6/2/2015,4744.399902,235.342
7/2/2015,,235.342
8/2/2015,,235.342
9/2/2015,4726.009766,235.342
10/2/2015,4787.640137,235.342
11/2/2015,4801.180176,235.342
12/2/2015,4857.609863,235.342
13/2/2015,4893.839844,235.342
14/2/2015,,235.342
15/2/2015,,235.342
16/2/2015,,235.342
17/2/2015,4899.27002,235.342
18/2/2015,4906.359863,235.342
19/2/2015,4924.700195,235.342
20/2/2015,4955.970215,235.342
21/2/2015,,235.342
22/2/2015,,235.342
23/2/2015,4960.970215,235.342
24/2/2015,4968.120117,235.342
25/2/2015,4967.140137,235.342
26/2/2015,4987.890137,235.342
27/2/2015,4963.529785,235.342
28/2/2015,,235.342
1/3/2015,,235.976
2/3/2015,5008.100098,235.976
3/3/2015,4979.899902,235.976
4/3/2015,4967.140137,235.976
5/3/2015,4982.810059,235.976
6/3/2015,4927.370117,235.976
7/3/2015,,235.976
8/3/2015,,235.976
9/3/2015,4942.439941,235.976
10/3/2015,4859.790039,235.976
11/3/2015,4849.939941,235.976
12/3/2015,4893.290039,235.976
13/3/2015,4871.759766,235.976
14/3/2015,,235.976
15/3/2015,,235.976
16/3/2015,4929.509766,235.976
17/3/2015,4937.430176,235.976
18/3/2015,4982.830078,235.976
19/3/2015,4992.379883,235.976
20/3/2015,5026.419922,235.976
21/3/2015,,235.976
22/3/2015,,235.976
23/3/2015,5010.970215,235.976
24/3/2015,4994.72998,235.976
25/3/2015,4876.52002,235.976
26/3/2015,4863.359863,235.976
27/3/2015,4891.220215,235.976
28/3/2015,,235.976
29/3/2015,,235.976
30/3/2015,4947.439941,235.976
31/3/2015,4900.879883,235.976
1/4/2015,4880.22998,236.222
2/4/2015,4886.939941,236.222
3/4/2015,,236.222
4/4/2015,,236.222
5/4/2015,,236.222
6/4/2015,4917.319824,236.222
7/4/2015,4910.22998,236.222
8/4/2015,4950.819824,236.222
9/4/2015,4974.560059,236.222
10/4/2015,4995.97998,236.222
11/4/2015,,236.222
12/4/2015,,236.222
13/4/2015,4988.25,236.222
14/4/2015,4977.290039,236.222
15/4/2015,5011.02002,236.222
16/4/2015,5007.790039,236.222
17/4/2015,4931.810059,236.222
18/4/2015,,236.222
19/4/2015,,236.222
20/4/2015,4994.600098,236.222
21/4/2015,5014.100098,236.222
22/4/2015,5035.169922,236.222
23/4/2015,5056.060059,236.222
24/4/2015,5092.080078,236.222
25/4/2015,,236.222
26/4/2015,,236.222
27/4/2015,5060.25,236.222
28/4/2015,5055.419922,236.222
29/4/2015,5023.640137,236.222
30/4/2015,4941.419922,236.222
1/5/2015,5005.390137,237.001
2/5/2015,,237.001
3/5/2015,,237.001
4/5/2015,5016.930176,237.001
5/5/2015,4939.330078,237.001
6/5/2015,4919.640137,237.001
7/5/2015,4945.540039,237.001
8/5/2015,5003.549805,237.001
9/5/2015,,237.001
10/5/2015,,237.001
11/5/2015,4993.569824,237.001
12/5/2015,4976.189941,237.001
13/5/2015,4981.689941,237.001
14/5/2015,5050.799805,237.001
15/5/2015,5048.290039,237.001
16/5/2015,,237.001
17/5/2015,,237.001
18/5/2015,5078.439941,237.001
19/5/2015,5070.029785,237.001
20/5/2015,5071.740234,237.001
21/5/2015,5090.790039,237.001
22/5/2015,5089.359863,237.001
23/5/2015,,237.001
24/5/2015,,237.001
25/5/2015,,237.001
26/5/2015,5032.75,237.001
27/5/2015,5106.589844,237.001
28/5/2015,5097.97998,237.001
29/5/2015,5070.029785,237.001
30/5/2015,,237.001
31/5/2015,,237.001
1/6/2015,5082.930176,237.657
2/6/2015,5076.52002,237.657
3/6/2015,5099.22998,237.657
4/6/2015,5059.120117,237.657
5/6/2015,5068.459961,237.657
6/6/2015,,237.657
7/6/2015,,237.657
8/6/2015,5021.629883,237.657
9/6/2015,5013.870117,237.657
10/6/2015,5076.689941,237.657
11/6/2015,5082.509766,237.657
12/6/2015,5051.100098,237.657
13/6/2015,,237.657
14/6/2015,,237.657
15/6/2015,5029.970215,237.657
16/6/2015,5055.549805,237.657
17/6/2015,5064.879883,237.657
18/6/2015,5132.950195,237.657
19/6/2015,5117.0,237.657
20/6/2015,,237.657
21/6/2015,,237.657
22/6/2015,5153.970215,237.657
23/6/2015,5160.089844,237.657
24/6/2015,5122.410156,237.657
25/6/2015,5112.189941,237.657
26/6/2015,5080.509766,237.657
27/6/2015,,237.657
28/6/2015,,237.657
29/6/2015,4958.470215,237.657
30/6/2015,4986.870117,237.657
1/7/2015,5013.120117,238.034
2/7/2015,5009.209961,238.034
3/7/2015,,238.034
4/7/2015,,238.034
5/7/2015,,238.034
6/7/2015,4991.939941,238.034
7/7/2015,4997.459961,238.034
8/7/2015,4909.759766,238.034
9/7/2015,4922.399902,238.034
10/7/2015,4997.700195,238.034
11/7/2015,,238.034
12/7/2015,,238.034
13/7/2015,5071.509766,238.034
14/7/2015,5104.890137,238.034
15/7/2015,5098.939941,238.034
16/7/2015,5163.180176,238.034
17/7/2015,5210.140137,238.034
18/7/2015,,238.034
19/7/2015,,238.034
20/7/2015,5218.859863,238.034
21/7/2015,5208.120117,238.034
22/7/2015,5171.77002,238.034
23/7/2015,5146.410156,238.034
24/7/2015,5088.629883,238.034
25/7/2015,,238.034
26/7/2015,,238.034
27/7/2015,5039.779785,238.034
28/7/2015,5089.209961,238.034
29/7/2015,5111.72998,238.034
30/7/2015,5128.779785,238.034
31/7/2015,5128.279785,238.034
1/8/2015,,238.033
2/8/2015,,238.033
3/8/2015,5115.379883,238.033
4/8/2015,5105.549805,238.033
5/8/2015,5139.939941,238.033
6/8/2015,5056.439941,238.033
7/8/2015,5043.540039,238.033
8/8/2015,,238.033
9/8/2015,,238.033
10/8/2015,5101.799805,238.033
11/8/2015,5036.790039,238.033
12/8/2015,5044.390137,238.033
13/8/2015,5033.560059,238.033
14/8/2015,5048.240234,238.033
15/8/2015,,238.033
16/8/2015,,238.033
17/8/2015,5091.700195,238.033
18/8/2015,5059.350098,238.033
19/8/2015,5019.049805,238.033
20/8/2015,4877.490234,238.033
21/8/2015,4706.040039,238.033
22/8/2015,,238.033
23/8/2015,,238.033
24/8/2015,4526.25,238.033
25/8/2015,4506.490234,238.033
26/8/2015,4697.540039,238.033
27/8/2015,4812.709961,238.033
28/8/2015,4828.319824,238.033
29/8/2015,,238.033
30/8/2015,,238.033
31/8/2015,4776.509766,238.033
1/9/2015,4636.100098,237.498
2/9/2015,4749.97998,237.498
3/9/2015,4733.5,237.498
4/9/2015,4683.919922,237.498
5/9/2015,,237.498
6/9/2015,,237.498
7/9/2015,,237.498
8/9/2015,4811.930176,237.498
9/9/2015,4756.529785,237.498
10/9/2015,4796.25,237.498
11/9/2015,4822.339844,237.498
12/9/2015,,237.498
13/9/2015,,237.498
14/9/2015,4805.759766,237.498
15/9/2015,4860.52002,237.498
16/9/2015,4889.240234,237.498
17/9/2015,4893.950195,237.498
18/9/2015,4827.22998,237.498
19/9/2015,,237.498
20/9/2015,,237.498
21/9/2015,4828.950195,237.498
22/9/2015,4756.720215,237.498
23/9/2015,4752.740234,237.498
24/9/2015,4734.47998,237.498
25/9/2015,4686.5,237.498
26/9/2015,,237.498
27/9/2015,,237.498
28/9/2015,4543.970215,237.498
29/9/2015,4517.319824,237.498
30/9/2015,4620.160156,237.498
1/10/2015,4627.080078,237.733
2/10/2015,4707.779785,237.733
3/10/2015,,237.733
4/10/2015,,237.733
5/10/2015,4781.259766,237.733
6/10/2015,4748.359863,237.733
7/10/2015,4791.149902,237.733
8/10/2015,4810.790039,237.733
9/10/2015,4830.470215,237.733
10/10/2015,,237.733
11/10/2015,,237.733
12/10/2015,4838.640137,237.733
13/10/2015,4796.609863,237.733
14/10/2015,4782.850098,237.733
15/10/2015,4870.100098,237.733
16/10/2015,4886.689941,237.733
17/10/2015,,237.733
18/10/2015,,237.733
19/10/2015,4905.470215,237.733
20/10/2015,4880.970215,237.733
21/10/2015,4840.120117,237.733
22/10/2015,4920.049805,237.733
23/10/2015,5031.859863,237.733
24/10/2015,,237.733
25/10/2015,,237.733
26/10/2015,5034.700195,237.733
27/10/2015,5030.149902,237.733
28/10/2015,5095.689941,237.733
29/10/2015,5074.27002,237.733
30/10/2015,5053.75,237.733
31/10/2015,,237.733
1/11/2015,,238.017
2/11/2015,5127.149902,238.017
3/11/2015,5145.129883,238.017
4/11/2015,5142.47998,238.017
5/11/2015,5127.740234,238.017
6/11/2015,5147.120117,238.017
7/11/2015,,238.017
8/11/2015,,238.017
9/11/2015,5095.299805,238.017
10/11/2015,5083.240234,238.017
11/11/2015,5067.02002,238.017
12/11/2015,5005.080078,238.017
13/11/2015,4927.879883,238.017
14/11/2015,,238.017
15/11/2015,,238.017
16/11/2015,4984.620117,238.017
17/11/2015,4986.02002,238.017
18/11/2015,5075.200195,238.017
19/11/2015,5073.640137,238.017
20/11/2015,5104.919922,238.017
21/11/2015,,238.017
22/11/2015,,238.017
23/11/2015,5102.47998,238.017
24/11/2015,5102.810059,238.017
25/11/2015,5116.140137,238.017
26/11/2015,,238.017
27/11/2015,5127.52002,238.017
28/11/2015,,238.017
29/11/2015,,238.017
30/11/2015,5108.669922,238.017
1/12/2015,5156.310059,237.761
2/12/2015,5123.220215,237.761
3/12/2015,5037.529785,237.761
4/12/2015,5142.27002,237.761
5/12/2015,,237.761
6/12/2015,,237.761
7/12/2015,5101.810059,237.761
8/12/2015,5098.240234,237.761
9/12/2015,5022.870117,237.761
10/12/2015,5045.169922,237.761
11/12/2015,4933.470215,237.761
12/12/2015,,237.761
13/12/2015,,237.761
14/12/2015,4952.22998,237.761
15/12/2015,4995.359863,237.761
16/12/2015,5071.129883,237.761
17/12/2015,5002.549805,237.761
18/12/2015,4923.080078,237.761
19/12/2015,,237.761
20/12/2015,,237.761
21/12/2015,4968.919922,237.761
22/12/2015,5001.109863,237.761
23/12/2015,5045.930176,237.761
24/12/2015,5048.490234,237.761
25/12/2015,,237.761
26/12/2015,,237.761
27/12/2015,,237.761
28/12/2015,5040.990234,237.761
29/12/2015,5107.939941,237.761
30/12/2015,5065.850098,237.761
31/12/2015,5007.410156,237.761
1/1/2016,,237.652
2/1/2016,,237.652
3/1/2016,,237.652
4/1/2016,4903.089844,237.652
5/1/2016,4891.430176,237.652
6/1/2016,4835.759766,237.652
7/1/2016,4689.430176,237.652
8/1/2016,4643.629883,237.652
9/1/2016,,237.652
10/1/2016,,237.652
11/1/2016,4637.990234,237.652
12/1/2016,4685.919922,237.652
13/1/2016,4526.060059,237.652
14/1/2016,4615.0,237.652
15/1/2016,4488.419922,237.652
16/1/2016,,237.652
17/1/2016,,237.652
18/1/2016,,237.652
19/1/2016,4476.950195,237.652
20/1/2016,4471.689941,237.652
21/1/2016,4472.060059,237.652
22/1/2016,4591.180176,237.652
23/1/2016,,237.652
24/1/2016,,237.652
25/1/2016,4518.490234,237.652
26/1/2016,4567.669922,237.652
27/1/2016,4468.169922,237.652
28/1/2016,4506.680176,237.652
29/1/2016,4613.950195,237.652
30/1/2016,,237.652
31/1/2016,,237.652
1/2/2016,4620.370117,237.336
2/2/2016,4516.950195,237.336
3/2/2016,4504.240234,237.336
4/2/2016,4509.560059,237.336
5/2/2016,4363.140137,237.336
6/2/2016,,237.336
7/2/2016,,237.336
8/2/2016,4283.75,237.336
9/2/2016,4268.759766,237.336
10/2/2016,4283.589844,237.336
11/2/2016,4266.839844,237.336
12/2/2016,4337.509766,237.336
13/2/2016,,237.336
14/2/2016,,237.336
15/2/2016,,237.336
16/2/2016,4435.959961,237.336
17/2/2016,4534.060059,237.336
18/2/2016,4487.540039,237.336
19/2/2016,4504.430176,237.336
20/2/2016,,237.336
21/2/2016,,237.336
22/2/2016,4570.609863,237.336
23/2/2016,4503.580078,237.336
24/2/2016,4542.609863,237.336
25/2/2016,4582.200195,237.336
26/2/2016,4590.470215,237.336
27/2/2016,,237.336
28/2/2016,,237.336
29/2/2016,4557.950195,237.336
1/3/2016,4689.600098,238.08
2/3/2016,4703.419922,238.08
3/3/2016,4707.419922,238.08
4/3/2016,4717.02002,238.08
5/3/2016,,238.08
6/3/2016,,238.08
7/3/2016,4708.25,238.08
8/3/2016,4648.819824,238.08
9/3/2016,4674.379883,238.08
10/3/2016,4662.160156,238.08
11/3/2016,4748.470215,238.08
12/3/2016,,238.08
13/3/2016,,238.08
14/3/2016,4750.279785,238.08
15/3/2016,4728.669922,238.08
16/3/2016,4763.970215,238.08
17/3/2016,4774.990234,238.08
18/3/2016,4795.649902,238.08
19/3/2016,,238.08
20/3/2016,,238.08
21/3/2016,4808.870117,238.08
22/3/2016,4821.660156,238.08
23/3/2016,4768.859863,238.08
24/3/2016,4773.5,238.08
25/3/2016,,238.08
26/3/2016,,238.08
27/3/2016,,238.08
28/3/2016,4766.790039,238.08
29/3/2016,4846.620117,238.08
30/3/2016,4869.290039,238.08
31/3/2016,4869.850098,238.08
1/4/2016,4914.540039,238.992
2/4/2016,,238.992
3/4/2016,,238.992
4/4/2016,4891.799805,238.992
5/4/2016,4843.930176,238.992
6/4/2016,4920.720215,238.992
7/4/2016,4848.370117,238.992
8/4/2016,4850.689941,238.992
9/4/2016,,238.992
10/4/2016,,238.992
11/4/2016,4833.399902,238.992
12/4/2016,4872.089844,238.992
13/4/2016,4947.419922,238.992
14/4/2016,4945.890137,238.992
15/4/2016,4938.220215,238.992
16/4/2016,,238.992
17/4/2016,,238.992
18/4/2016,4960.02002,238.992
19/4/2016,4940.330078,238.992
20/4/2016,4948.129883,238.992
21/4/2016,4945.890137,238.992
22/4/2016,4906.22998,238.992
23/4/2016,,238.992
24/4/2016,,238.992
25/4/2016,4895.790039,238.992
26/4/2016,4888.279785,238.992
27/4/2016,4863.140137,238.992
28/4/2016,4805.290039,238.992
29/4/2016,4775.359863,238.992
30/4/2016,,238.992
1/5/2016,,239.557
2/5/2016,4817.589844,239.557
3/5/2016,4763.220215,239.557
4/5/2016,4725.640137,239.557
5/5/2016,4717.089844,239.557
6/5/2016,4736.160156,239.557
7/5/2016,,239.557
8/5/2016,,239.557
9/5/2016,4750.209961,239.557
10/5/2016,4809.879883,239.557
11/5/2016,4760.689941,239.557
12/5/2016,4737.330078,239.557
13/5/2016,4717.680176,239.557
14/5/2016,,239.557
15/5/2016,,239.557
16/5/2016,4775.459961,239.557
17/5/2016,4715.72998,239.557
18/5/2016,4739.120117,239.557
19/5/2016,4712.529785,239.557
20/5/2016,4769.560059,239.557
21/5/2016,,239.557
22/5/2016,,239.557
23/5/2016,4765.779785,239.557
24/5/2016,4861.060059,239.557
25/5/2016,4894.890137,239.557
26/5/2016,4901.77002,239.557
27/5/2016,4933.5,239.557
28/5/2016,,239.557
29/5/2016,,239.557
30/5/2016,,239.557
31/5/2016,4948.049805,239.557
1/6/2016,4952.25,240.222
2/6/2016,4971.359863,240.222
3/6/2016,4942.52002,240.222
4/6/2016,,240.222
5/6/2016,,240.222
6/6/2016,4968.709961,240.222
7/6/2016,4961.75,240.222
8/6/2016,4974.640137,240.222
9/6/2016,4958.620117,240.222
10/6/2016,4894.549805,240.222
11/6/2016,,240.222
12/6/2016,,240.222
13/6/2016,4848.439941,240.222
14/6/2016,4843.549805,240.222
15/6/2016,4834.930176,240.222
16/6/2016,4844.919922,240.222
17/6/2016,4800.339844,240.222
18/6/2016,,240.222
19/6/2016,,240.222
20/6/2016,4837.209961,240.222
21/6/2016,4843.759766,240.222
22/6/2016,4833.319824,240.222
23/6/2016,4910.040039,240.222
24/6/2016,4707.97998,240.222
25/6/2016,,240.222
26/6/2016,,240.222
27/6/2016,4594.439941,240.222
28/6/2016,4691.870117,240.222
29/6/2016,4779.25,240.222
30/6/2016,4842.669922,240.222
1/7/2016,4862.569824,240.101
2/7/2016,,240.101
3/7/2016,,240.101
4/7/2016,,240.101
5/7/2016,4822.899902,240.101
6/7/2016,4859.160156,240.101
7/7/2016,4876.810059,240.101
8/7/2016,4956.759766,240.101
9/7/2016,,240.101
10/7/2016,,240.101
11/7/2016,4988.640137,240.101
12/7/2016,5022.819824,240.101
13/7/2016,5005.72998,240.101
14/7/2016,5034.060059,240.101
15/7/2016,5029.589844,240.101
16/7/2016,,240.101
17/7/2016,,240.101
18/7/2016,5055.779785,240.101
19/7/2016,5036.370117,240.101
20/7/2016,5089.930176,240.101
21/7/2016,5073.899902,240.101
22/7/2016,5100.160156,240.101
23/7/2016,,240.101
24/7/2016,,240.101
25/7/2016,5097.629883,240.101
26/7/2016,5110.049805,240.101
27/7/2016,5139.810059,240.101
28/7/2016,5154.97998,240.101
29/7/2016,5162.129883,240.101
30/7/2016,,240.101
31/7/2016,,240.101
1/8/2016,5184.200195,240.545
2/8/2016,5137.72998,240.545
3/8/2016,5159.740234,240.545
4/8/2016,5166.25,240.545
5/8/2016,5221.120117,240.545
6/8/2016,,240.545
7/8/2016,,240.545
8/8/2016,5213.140137,240.545
9/8/2016,5225.47998,240.545
10/8/2016,5204.580078,240.545
11/8/2016,5228.399902,240.545
12/8/2016,5232.890137,240.545
13/8/2016,,240.545
14/8/2016,,240.545
15/8/2016,5262.02002,240.545
16/8/2016,5227.109863,240.545
17/8/2016,5228.660156,240.545
18/8/2016,5240.149902,240.545
19/8/2016,5238.379883,240.545
20/8/2016,,240.545
21/8/2016,,240.545
22/8/2016,5244.600098,240.545
23/8/2016,5260.080078,240.545
24/8/2016,5217.689941,240.545
25/8/2016,5212.200195,240.545
26/8/2016,5218.919922,240.545
27/8/2016,,240.545
28/8/2016,,240.545
29/8/2016,5232.330078,240.545
30/8/2016,5222.990234,240.545
31/8/2016,5213.220215,240.545
1/9/2016,5227.209961,241.176
2/9/2016,5249.899902,241.176
3/9/2016,,241.176
4/9/2016,,241.176
5/9/2016,,241.176
6/9/2016,5275.910156,241.176
7/9/2016,5283.930176,241.176
8/9/2016,5259.47998,241.176
9/9/2016,5125.910156,241.176
10/9/2016,,241.176
11/9/2016,,241.176
12/9/2016,5211.890137,241.176
13/9/2016,5155.25,241.176
14/9/2016,5173.77002,241.176
15/9/2016,5249.689941,241.176
16/9/2016,5244.569824,241.176
17/9/2016,,241.176
18/9/2016,,241.176
19/9/2016,5235.029785,241.176
20/9/2016,5241.350098,241.176
21/9/2016,5295.180176,241.176
22/9/2016,5339.52002,241.176
23/9/2016,5305.75,241.176
24/9/2016,,241.176
25/9/2016,,241.176
26/9/2016,5257.490234,241.176
27/9/2016,5305.709961,241.176
28/9/2016,5318.549805,241.176
29/9/2016,5269.149902,241.176
30/9/2016,5312.0,241.176
1/10/2016,,241.741
2/10/2016,,241.741
3/10/2016,5300.870117,241.741
4/10/2016,5289.660156,241.741
5/10/2016,5316.02002,241.741
6/10/2016,5306.850098,241.741
7/10/2016,5292.399902,241.741
8/10/2016,,241.741
9/10/2016,,241.741
10/10/2016,5328.669922,241.741
11/10/2016,5246.790039,241.741
12/10/2016,5239.02002,241.741
13/10/2016,5213.330078,241.741
14/10/2016,5214.160156,241.741
15/10/2016,,241.741
16/10/2016,,241.741
17/10/2016,5199.819824,241.741
18/10/2016,5243.839844,241.741
19/10/2016,5246.410156,241.741
20/10/2016,5241.830078,241.741
21/10/2016,5257.399902,241.741
22/10/2016,,241.741
23/10/2016,,241.741
24/10/2016,5309.830078,241.741
25/10/2016,5283.399902,241.741
26/10/2016,5250.27002,241.741
27/10/2016,5215.970215,241.741
28/10/2016,5190.100098,241.741
29/10/2016,,241.741
30/10/2016,,241.741
31/10/2016,5189.140137,241.741
1/11/2016,5153.580078,242.026
2/11/2016,5105.569824,242.026
3/11/2016,5058.410156,242.026
4/11/2016,5046.370117,242.026
5/11/2016,,242.026
6/11/2016,,242.026
7/11/2016,5166.169922,242.026
8/11/2016,5193.490234,242.026
9/11/2016,5251.069824,242.026
10/11/2016,5208.799805,242.026
11/11/2016,5237.109863,242.026
12/11/2016,,242.026
13/11/2016,,242.026
14/11/2016,5218.399902,242.026
15/11/2016,5275.620117,242.026
16/11/2016,5294.580078,242.026
17/11/2016,5333.970215,242.026
18/11/2016,5321.509766,242.026
19/11/2016,,242.026
20/11/2016,,242.026
21/11/2016,5368.859863,242.026
22/11/2016,5386.350098,242.026
23/11/2016,5380.680176,242.026
24/11/2016,,242.026
25/11/2016,5398.919922,242.026
26/11/2016,,242.026
27/11/2016,,242.026
28/11/2016,5368.810059,242.026
29/11/2016,5379.919922,242.026
30/11/2016,5323.680176,242.026
1/12/2016,5251.109863,242.637
2/12/2016,5255.649902,242.637
3/12/2016,,242.637
4/12/2016,,242.637
5/12/2016,5308.890137,242.637
6/12/2016,5333.0,242.637
7/12/2016,5393.759766,242.637
8/12/2016,5417.359863,242.637
9/12/2016,5444.5,242.637
10/12/2016,,242.637
11/12/2016,,242.637
12/12/2016,5412.540039,242.637
13/12/2016,5463.830078,242.637
14/12/2016,5436.669922,242.637
15/12/2016,5456.850098,242.637
16/12/2016,5437.160156,242.637
17/12/2016,,242.637
18/12/2016,,242.637
19/12/2016,5457.439941,242.637
20/12/2016,5483.939941,242.637
21/12/2016,5471.430176,242.637
22/12/2016,5447.419922,242.637
23/12/2016,5462.689941,242.637
24/12/2016,,242.637
25/12/2016,,242.637
26/12/2016,,242.637
27/12/2016,5487.439941,242.637
28/12/2016,5438.560059,242.637
29/12/2016,5432.089844,242.637
30/12/2016,5383.120117,242.637
31/12/2016,,242.637
1/1/2017,,243.618
2/1/2017,,243.618
3/1/2017,5429.080078,243.618
4/1/2017,5477.0,243.618
5/1/2017,5487.939941,243.618
6/1/2017,5521.060059,243.618
7/1/2017,,243.618
8/1/2017,,243.618
9/1/2017,5531.819824,243.618
10/1/2017,5551.819824,243.618
11/1/2017,5563.649902,243.618
12/1/2017,5547.490234,243.618
13/1/2017,5574.120117,243.618
14/1/2017,,243.618
15/1/2017,,243.618
16/1/2017,,243.618
17/1/2017,5538.72998,243.618
18/1/2017,5555.649902,243.618
19/1/2017,5540.080078,243.618
20/1/2017,5555.330078,243.618
21/1/2017,,243.618
22/1/2017,,243.618
23/1/2017,5552.939941,243.618
24/1/2017,5600.959961,243.618
25/1/2017,5656.339844,243.618
26/1/2017,5655.180176,243.618
27/1/2017,5660.779785,243.618
28/1/2017,,243.618
29/1/2017,,243.618
30/1/2017,5613.709961,243.618
31/1/2017,5614.790039,243.618
1/2/2017,5642.649902,244.006
2/2/2017,5636.200195,244.006
3/2/2017,5666.77002,244.006
4/2/2017,,244.006
5/2/2017,,244.006
6/2/2017,5663.549805,244.006
7/2/2017,5674.220215,244.006
8/2/2017,5682.450195,244.006
9/2/2017,5715.180176,244.006
10/2/2017,5734.129883,244.006
11/2/2017,,244.006
12/2/2017,,244.006
13/2/2017,5763.959961,244.006
14/2/2017,5782.569824,244.006
15/2/2017,5819.439941,244.006
16/2/2017,5814.899902,244.006
17/2/2017,5838.580078,244.006
18/2/2017,,244.006
19/2/2017,,244.006
20/2/2017,,244.006
21/2/2017,5865.950195,244.006
22/2/2017,5860.629883,244.006
23/2/2017,5835.509766,244.006
24/2/2017,5845.310059,244.006
25/2/2017,,244.006
26/2/2017,,244.006
27/2/2017,5861.899902,244.006
28/2/2017,5825.439941,244.006
1/3/2017,5904.029785,243.892
2/3/2017,5861.220215,243.892
3/3/2017,5870.75,243.892
4/3/2017,,243.892
5/3/2017,,243.892
6/3/2017,5849.180176,243.892
7/3/2017,5833.930176,243.892
8/3/2017,5837.549805,243.892
9/3/2017,5838.810059,243.892
10/3/2017,5861.72998,243.892
11/3/2017,,243.892
12/3/2017,,243.892
13/3/2017,5875.779785,243.892
14/3/2017,5856.819824,243.892
15/3/2017,5900.049805,243.892
16/3/2017,5900.759766,243.892
17/3/2017,5901.0,243.892
18/3/2017,,243.892
19/3/2017,,243.892
20/3/2017,5901.529785,243.892
21/3/2017,5793.830078,243.892
22/3/2017,5821.640137,243.892
23/3/2017,5817.689941,243.892
24/3/2017,5828.740234,243.892
25/3/2017,,243.892
26/3/2017,,243.892
27/3/2017,5840.370117,243.892
28/3/2017,5875.140137,243.892
29/3/2017,5897.549805,243.892
30/3/2017,5914.339844,243.892
31/3/2017,5911.740234,243.892
1/4/2017,,244.193
2/4/2017,,244.193
3/4/2017,5894.680176,244.193
4/4/2017,5898.609863,244.193
5/4/2017,5864.47998,244.193
6/4/2017,5878.950195,244.193
7/4/2017,5877.810059,244.193
8/4/2017,,244.193
9/4/2017,,244.193
10/4/2017,5880.930176,244.193
11/4/2017,5866.77002,244.193
12/4/2017,5836.160156,244.193
13/4/2017,5805.149902,244.193
14/4/2017,,244.193
15/4/2017,,244.193
16/4/2017,,244.193
17/4/2017,5856.790039,244.193
18/4/2017,5849.470215,244.193
19/4/2017,5863.029785,244.193
20/4/2017,5916.779785,244.193
21/4/2017,5910.52002,244.193
22/4/2017,,244.193
23/4/2017,,244.193
24/4/2017,5983.819824,244.193
25/4/2017,6025.490234,244.193
26/4/2017,6025.22998,244.193
27/4/2017,6048.939941,244.193
28/4/2017,6047.609863,244.193
29/4/2017,,244.193
30/4/2017,,244.193
1/5/2017,6091.600098,244.004
2/5/2017,6095.370117,244.004
3/5/2017,6072.549805,244.004
4/5/2017,6075.339844,244.004
5/5/2017,6100.759766,244.004
6/5/2017,,244.004
7/5/2017,,244.004
8/5/2017,6102.660156,244.004
9/5/2017,6120.589844,244.004
10/5/2017,6129.140137,244.004
11/5/2017,6115.959961,244.004
12/5/2017,6121.22998,244.004
13/5/2017,,244.004
14/5/2017,,244.004
15/5/2017,6149.669922,244.004
16/5/2017,6169.870117,244.004
17/5/2017,6011.240234,244.004
18/5/2017,6055.129883,244.004
19/5/2017,6083.700195,244.004
20/5/2017,,244.004
21/5/2017,,244.004
22/5/2017,6133.620117,244.004
23/5/2017,6138.709961,244.004
24/5/2017,6163.02002,244.004
25/5/2017,6205.259766,244.004
26/5/2017,6210.189941,244.004
27/5/2017,,244.004
28/5/2017,,244.004
29/5/2017,,244.004
30/5/2017,6203.189941,244.004
31/5/2017,6198.52002,244.004
1/6/2017,6246.830078,244.163
2/6/2017,6305.799805,244.163
3/6/2017,,244.163
4/6/2017,,244.163
5/6/2017,6295.680176,244.163
6/6/2017,6275.060059,244.163
7/6/2017,6297.379883,244.163
8/6/2017,6321.759766,244.163
9/6/2017,6207.919922,244.163
10/6/2017,,244.163
11/6/2017,,244.163
12/6/2017,6175.459961,244.163
13/6/2017,6220.370117,244.163
14/6/2017,6194.890137,244.163
15/6/2017,6165.5,244.163
16/6/2017,6151.759766,244.163
17/6/2017,,244.163
18/6/2017,,244.163
19/6/2017,6239.009766,244.163
20/6/2017,6188.029785,244.163
21/6/2017,6233.950195,244.163
22/6/2017,6236.689941,244.163
23/6/2017,6265.25,244.163
24/6/2017,,244.163
25/6/2017,,244.163
26/6/2017,6247.149902,244.163
27/6/2017,6146.620117,244.163
28/6/2017,6234.410156,244.163
29/6/2017,6144.350098,244.163
30/6/2017,6140.419922,244.163
1/7/2017,,244.243
2/7/2017,,244.243
3/7/2017,6110.060059,244.243
4/7/2017,,244.243
5/7/2017,6150.859863,244.243
6/7/2017,6089.459961,244.243
7/7/2017,6153.080078,244.243
8/7/2017,,244.243
9/7/2017,,244.243
10/7/2017,6176.390137,244.243
11/7/2017,6193.299805,244.243
12/7/2017,6261.169922,244.243
13/7/2017,6274.439941,244.243
14/7/2017,6312.470215,244.243
15/7/2017,,244.243
16/7/2017,,244.243
17/7/2017,6314.430176,244.243
18/7/2017,6344.310059,244.243
19/7/2017,6385.040039,244.243
20/7/2017,6390.0,244.243
21/7/2017,6387.75,244.243
22/7/2017,,244.243
23/7/2017,,244.243
24/7/2017,6410.810059,244.243
25/7/2017,6412.169922,244.243
26/7/2017,6422.75,244.243
27/7/2017,6382.189941,244.243
28/7/2017,6374.680176,244.243
29/7/2017,,244.243
30/7/2017,,244.243
31/7/2017,6348.120117,244.243
1/8/2017,6362.939941,245.183
2/8/2017,6362.649902,245.183
3/8/2017,6340.339844,245.183
4/8/2017,6351.560059,245.183
5/8/2017,,245.183
6/8/2017,,245.183
7/8/2017,6383.77002,245.183
8/8/2017,6370.459961,245.183
9/8/2017,6352.330078,245.183
10/8/2017,6216.870117,245.183
11/8/2017,6256.560059,245.183
12/8/2017,,245.183
13/8/2017,,245.183
14/8/2017,6340.22998,245.183
15/8/2017,6333.009766,245.183
16/8/2017,6345.109863,245.183
17/8/2017,6221.910156,245.183
18/8/2017,6216.529785,245.183
19/8/2017,,245.183
20/8/2017,,245.183
21/8/2017,6213.129883,245.183
22/8/2017,6297.47998,245.183
23/8/2017,6278.410156,245.183
24/8/2017,6271.330078,245.183
25/8/2017,6265.640137,245.183
26/8/2017,,245.183
27/8/2017,,245.183
28/8/2017,6283.02002,245.183
29/8/2017,6301.890137,245.183
30/8/2017,6368.310059,245.183
31/8/2017,6428.660156,245.183
1/9/2017,6435.330078,246.435
2/9/2017,,246.435
3/9/2017,,246.435
4/9/2017,,246.435
5/9/2017,6375.569824,246.435
6/9/2017,6393.310059,246.435
7/9/2017,6397.870117,246.435
8/9/2017,6360.189941,246.435
9/9/2017,,246.435
10/9/2017,,246.435
11/9/2017,6432.259766,246.435
12/9/2017,6454.279785,246.435
13/9/2017,6460.189941,246.435
14/9/2017,6429.080078,246.435
15/9/2017,6448.470215,246.435
16/9/2017,,246.435
17/9/2017,,246.435
18/9/2017,6454.640137,246.435
19/9/2017,6461.319824,246.435
20/9/2017,6456.040039,246.435
21/9/2017,6422.689941,246.435
22/9/2017,6426.919922,246.435
23/9/2017,,246.435
24/9/2017,,246.435
25/9/2017,6370.589844,246.435
26/9/2017,6380.160156,246.435
27/9/2017,6453.259766,246.435
28/9/2017,6453.450195,246.435
29/9/2017,6495.959961,246.435
30/9/2017,,246.435
1/10/2017,,246.626
2/10/2017,6516.720215,246.626
3/10/2017,6531.709961,246.626
4/10/2017,6534.629883,246.626
5/10/2017,6585.359863,246.626
6/10/2017,6590.180176,246.626
7/10/2017,,246.626
8/10/2017,,246.626
9/10/2017,6579.72998,246.626
10/10/2017,6587.25,246.626
11/10/2017,6603.549805,246.626
12/10/2017,6591.509766,246.626
13/10/2017,6605.799805,246.626
14/10/2017,,246.626
15/10/2017,,246.626
16/10/2017,6624.0,246.626
17/10/2017,6623.660156,246.626
18/10/2017,6624.220215,246.626
19/10/2017,6605.069824,246.626
20/10/2017,6629.049805,246.626
21/10/2017,,246.626
22/10/2017,,246.626
23/10/2017,6586.830078,246.626
24/10/2017,6598.430176,246.626
25/10/2017,6563.890137,246.626
26/10/2017,6556.77002,246.626
27/10/2017,6701.259766,246.626
28/10/2017,,246.626
29/10/2017,,246.626
30/10/2017,6698.959961,246.626
31/10/2017,6727.669922,246.626
1/11/2017,6716.529785,247.284
2/11/2017,6714.939941,247.284
3/11/2017,6764.439941,247.284
4/11/2017,,247.284
5/11/2017,,247.284
6/11/2017,6786.439941,247.284
7/11/2017,6767.779785,247.284
8/11/2017,6789.120117,247.284
9/11/2017,6750.049805,247.284
10/11/2017,6750.939941,247.284
11/11/2017,,247.284
12/11/2017,,247.284
13/11/2017,6757.600098,247.284
14/11/2017,6737.870117,247.284
15/11/2017,6706.209961,247.284
16/11/2017,6793.290039,247.284
17/11/2017,6782.790039,247.284
18/11/2017,,247.284
19/11/2017,,247.284
20/11/2017,6790.709961,247.284
21/11/2017,6862.47998,247.284
22/11/2017,6867.359863,247.284
23/11/2017,,247.284
24/11/2017,6889.160156,247.284
25/11/2017,,247.284
26/11/2017,,247.284
27/11/2017,6878.52002,247.284
28/11/2017,6912.359863,247.284
29/11/2017,6824.390137,247.284
30/11/2017,6873.970215,247.284
1/12/2017,6847.589844,247.805
2/12/2017,,247.805
3/12/2017,,247.805
4/12/2017,6775.370117,247.805
5/12/2017,6762.209961,247.805
6/12/2017,6776.379883,247.805
7/12/2017,6812.839844,247.805
8/12/2017,6840.080078,247.805
9/12/2017,,247.805
10/12/2017,,247.805
11/12/2017,6875.080078,247.805
12/12/2017,6862.319824,247.805
13/12/2017,6875.799805,247.805
14/12/2017,6856.529785,247.805
15/12/2017,6936.580078,247.805
16/12/2017,,247.805
17/12/2017,,247.805
18/12/2017,6994.759766,247.805
19/12/2017,6963.850098,247.805
20/12/2017,6960.959961,247.805
21/12/2017,6965.359863,247.805
22/12/2017,6959.959961,247.805
23/12/2017,,247.805
24/12/2017,,247.805
25/12/2017,,247.805
26/12/2017,6936.25,247.805
27/12/2017,6939.339844,247.805
28/12/2017,6950.160156,247.805
29/12/2017,6903.390137,247.805
30/12/2017,,247.805
31/12/2017,,247.805
1/1/2018,,248.859
2/1/2018,7006.899902,248.859
3/1/2018,7065.529785,248.859
4/1/2018,7077.910156,248.859
5/1/2018,7136.560059,248.859
6/1/2018,,248.859
7/1/2018,,248.859
8/1/2018,7157.390137,248.859
9/1/2018,7163.580078,248.859
10/1/2018,7153.569824,248.859
11/1/2018,7211.779785,248.859
12/1/2018,7261.060059,248.859
13/1/2018,,248.859
14/1/2018,,248.859
15/1/2018,,248.859
16/1/2018,7223.689941,248.859
17/1/2018,7298.279785,248.859
18/1/2018,7296.049805,248.859
19/1/2018,7336.379883,248.859
20/1/2018,,248.859
21/1/2018,,248.859
22/1/2018,7408.029785,248.859
23/1/2018,7460.290039,248.859
24/1/2018,7415.060059,248.859
25/1/2018,7411.160156,248.859
26/1/2018,7505.77002,248.859
27/1/2018,,248.859
28/1/2018,,248.859
29/1/2018,7466.509766,248.859
30/1/2018,7402.47998,248.859
31/1/2018,7411.47998,248.859
1/2/2018,7385.859863,249.529
2/2/2018,7240.950195,249.529
3/2/2018,,249.529
4/2/2018,,249.529
5/2/2018,6967.529785,249.529
6/2/2018,7115.879883,249.529
7/2/2018,7051.97998,249.529
